INSERT INTO clients (id, surname, firstname, patronymic)
VALUES (1, 'Иванов', 'Иван', 'Иванович'),
       (2, 'Иванов', 'Петр', 'Иванович'),
       (3, 'Иванов', 'Михаил', 'Иванович'),
       (4, 'Иванов', 'Святослав', 'Иванович'),
       (5, 'Иванов', 'Александр', 'Иванович'),
       (6, 'Иванов', 'Иван', 'Петрович'),
       (7, 'Иванов', 'Петр', 'Петрович'),
       (8, 'Иванов', 'Михаил', 'Петрович'),
       (9, 'Иванов', 'Святослав', 'Петрович'),
       (10, 'Иванов','Александр', 'Петрович'),
       (11, 'Петров','Иван', 'Иванович'),
       (12, 'Петров','Петр', 'Иванович'),
       (13, 'Петров','Михаил', 'Иванович'),
       (14, 'Петров','Святослав', 'Иванович'),
       (15, 'Петров','Александр', 'Иванович'),
       (16, 'Петров','Иван', 'Петрович'),
       (17, 'Петров','Петр', 'Петрович'),
       (18, 'Петров','Михаил', 'Петрович'),
       (19, 'Петров','Святослав', 'Петрович'),
       (20, 'Петров','Александр', 'Петрович'),
       (21, 'Сотников','Кирилл', 'Артёмович');

INSERT INTO banks (id, name, IBAN_code)
VALUES (1, 'CleverBank' , 'AS12ASDG'),
       (2, 'IntelligentBank'  , 'AS13ASDF'),
       (3, 'SmartBank', 'AS14SDFG'),
       (4, 'BrainyBank' , 'AS15QWQE'),
       (5, 'TalentedBank' , 'AS16ZXCV');

INSERT INTO currencies (id, code, name)
VALUES (1, 'BYN', 'Belarusian ruble'),
       (2, 'USD', 'United States dollar'),
       (3, 'EUR', 'Euro'),
       (4, 'RUB', 'Russian ruble');

INSERT INTO accounts (id, IBAN_code, client_id, bank_id, amount,
                        opening_date,currency_id)
VALUES (1, 'AS12ASDG123456789012', 1, 1, 1000, '2020-01-01',1),
       (2, 'AS13ASDF234567890123', 1, 2, 1532, '2020-01-01',1),
       (3, 'AS14SDFG345678901234', 1, 3, 415431, '2020-01-01',1),
       (4, 'AS15QWQE456789012345', 1, 4, 41341, '2020-01-01',1),
       (5, 'AS12ASDG567890123456', 2, 1, 341034, '2020-01-02',1),
       (6, 'AS13ASDF678901234567', 2, 2, 4351435, '2020-01-03',1),
       (7, 'AS15QWQE789012345678', 2, 4, 431453, '2020-01-04',1),
       (8, 'AS14SDFG890123456789', 3, 3, 3134, '2020-01-07',1),
       (9, 'AS15QWQE901234567890', 3, 4, 3434,'2020-01-09',1),
       (10, 'AS15QWQE012345674890', 4, 4, 7896460, '2020-01-11',1),
       (11, 'AS16ZXCV098765431098', 4, 5, 46465, '2020-01-21',1),
       (12, 'AS13ASDF987654321098', 5, 2, 440460, '2020-01-31',1),
       (13, 'AS14SDFG876543210987', 5, 3, 45645, '2020-02-10',1),
       (14, 'AS16ZXCV765432109876', 5, 5, 786687, '2020-02-15',1),
       (15, 'AS12ASDG654310987654', 6, 1, 54567, '2020-02-25',1),
       (16, 'AS16ZXCV543210987654', 6, 5, 89078709, '2020-02-27',1),
       (17, 'AS14SDFG432109876543', 7, 3, 31243241, '2020-03-03',1),
       (18, 'AS12ASDG321098765432', 8, 1, 65365, '2020-03-04',1),
       (19, 'AS12ASDG210987654321', 9, 1, 56653, '2020-03-04',1),
       (20, 'AS13ASDF109876543210', 10, 2, 34213412, '2020-03-09',1),
       (21, 'AS13ASDF777888999444', 11, 2, 3241234, '2020-03-11',1),
       (22, 'AS15QWQE888999444555', 12, 4, 42312341, '2020-03-31',1),
       (23, 'AS13ASDF999444555666', 12, 2, 65356, '2020-03-31',1),
       (24, 'AS16ZXCV666555444333', 12, 5, 243342, '2020-04-01',1),
       (25, 'AS13ASDF555333222111', 13, 2, 356, '2020-04-02',1),
       (26, 'AS14SDFG444333222111', 13, 3, 847578, '2020-04-04',1),
       (27, 'AS15QWQE333222111888', 13, 4, 484835, '2020-04-04',1),
       (28, 'AS13ASDF555888222666', 14, 2, 5647980, '2020-04-05',1),
       (29, 'AS15QWQE111122223333', 14, 4, 634265, '2020-04-06',1),
       (30, 'AS12ASDG222233334444', 15, 1, 45607, '2020-04-06',1),
       (31, 'AS16ZXCV333344445555', 15, 5, 726432, '2020-04-09',1),
       (32, 'AS12ASDG444455556666', 16, 1, 10, '2020-04-10',1),
       (33, 'AS13ASDF555566667777', 16, 2, 10, '2020-04-10',1),
       (34, 'AS14SDFG777788889999', 16, 3, 10, '2020-04-10',1),
       (35, 'AS15QWQE888899990000', 16, 4, 10, '2020-04-10',1),
       (36, 'AS16ZXCV999900001111', 16, 5, 10, '2020-04-10',1),
       (37, 'AS15QWQE000011112222', 17, 4, 1000, '2020-04-15',1),
       (38, 'AS12ASDG111122223333', 18, 1, 10000, '2020-04-15',1),
       (39, 'AS16ZXCV222233334444', 18, 5, 100000, '2020-04-16',1),
       (40, 'AS15QWQE333344445555', 19, 4, 1000000, '2020-04-20',1),
       (41, 'AS14SDFG444455556666', 20, 3, 10000000, '2020-04-25',1),
       (42, 'AS12ASDG12002132ASDA353A2132', 20, 1, 10000, '1970-01-01',1);

INSERT INTO transaction_type (id, description)
VALUES (1, 'Перевод'),
       (2, 'Начисление процентов'),
       (3, 'Списание комиссии');


INSERT INTO transaction (id, account_id_from, account_id_to,amount, time, transaction_type_id)
VALUES (1, 1, 2, 1000, '2021-01-01 09:05:04',1),
       (2, 23, 11, 1000, '2021-02-01 09:05:04',1),
       (3, 13, 14, 1000, '2021-02-01 09:05:04',1),
       (4, 14, 15, 1000, '2021-02-01 09:05:04',1),
       (5, 12, 41, 1000, '2021-02-01 08:05:04',1),
       (6, 11, 42, 1000, '2021-02-01 09:05:04',1),
       (7, 12, 42, 1000, '2021-02-01 10:05:04',1),
       (8, 13, 42, 1000, '2021-02-01 10:06:04',1),
       (9, 14, 42, 1000, '2021-02-01 11:05:04',1),
       (10, 15, 16, 1000, '2021-02-02 09:05:04',1),
       (11, 10, 18, 1000, '2021-02-03 09:05:04',1),
       (12, 21, 41, 1000, '2021-02-04 09:05:04',1),
       (13, 13, 10, 1000, '2021-02-05 09:05:04',1),
       (14, 14, 15, 1000, '2021-02-06 09:05:04',1),
       (15, 1, 38, 1000, '2021-02-07 09:05:04',1),
       (16, 31, 9, 1000, '2021-02-08 09:05:04',1),
       (17, 36, 9, 1000, '2021-02-09 09:05:04',1),
       (18, 11, 41, 1000, '2021-02-11 09:05:04',1),
       (19, 38, 42, 1000, '2021-02-12 09:05:04',1),
       (20, 29, 41, 1000, '2021-02-13 09:05:04',1),
       (21, 8, 4, 1000, '2021-02-14 09:05:04',1),
       (22, 16, 41, 1000, '2021-02-15 09:05:04',1);